Time,Frame,Residue,ResName,SecondaryStructure
0.0,0,1,ALA,C
0.0,0,2,ALA,C
0.0,0,3,ALA,C
0.0,0,4,ALA,C
0.0,0,5,ALA,C
0.0,0,6,ALA,C
0.0,0,7,ALA,C
0.0,0,8,ALA,C
0.0,0,9,ALA,C
0.0,0,10,ALA,C
0.0,0,11,ALA,C
0.0,0,12,ALA,C
0.0,0,13,ALA,C
0.0,0,14,ALA,C
0.0,0,15,ALA,C
0.0,0,16,ALA,C
0.0,0,17,ALA,C
0.0,0,18,ALA,C
0.0,0,19,ALA,C
0.0,0,20,ALA,C
0.0,0,21,ALA,C
0.0,0,22,ALA,C
0.0,0,23,ALA,C
0.0,0,24,ALA,C
0.0,0,25,ALA,C
0.0,0,26,ALA,C
0.0,0,27,ALA,C
0.0,0,28,ALA,T
0.0,0,29,ALA,E
0.0,0,30,ALA,C
2.0,1,1,ALA,C
2.0,1,2,ALA,C
2.0,1,3,ALA,C
2.0,1,4,ALA,C
2.0,1,5,ALA,C
2.0,1,6,ALA,C
2.0,1,7,ALA,C
2.0,1,8,ALA,C
2.0,1,9,ALA,C
2.0,1,10,ALA,C
2.0,1,11,ALA,C
2.0,1,12,ALA,C
2.0,1,13,ALA,C
2.0,1,14,ALA,C
2.0,1,15,ALA,C
2.0,1,16,ALA,C
2.0,1,17,ALA,C
2.0,1,18,ALA,C
2.0,1,19,ALA,C
2.0,1,20,ALA,C
2.0,1,21,ALA,C
2.0,1,22,ALA,C
2.0,1,23,ALA,C
2.0,1,24,ALA,C
2.0,1,25,ALA,C
2.0,1,26,ALA,C
2.0,1,27,ALA,C
2.0,1,28,ALA,C
2.0,1,29,ALA,C
2.0,1,30,ALA,C
4.0,2,1,ALA,C
4.0,2,2,ALA,C
4.0,2,3,ALA,C
4.0,2,4,ALA,C
4.0,2,5,ALA,C
4.0,2,6,ALA,C
4.0,2,7,ALA,C
4.0,2,8,ALA,C
4.0,2,9,ALA,C
4.0,2,10,ALA,C
4.0,2,11,ALA,C
4.0,2,12,ALA,C
4.0,2,13,ALA,C
4.0,2,14,ALA,C
4.0,2,15,ALA,C
4.0,2,16,ALA,C
4.0,2,17,ALA,C
4.0,2,18,ALA,C
4.0,2,19,ALA,C
4.0,2,20,ALA,C
4.0,2,21,ALA,C
4.0,2,22,ALA,C
4.0,2,23,ALA,C
4.0,2,24,ALA,C
4.0,2,25,ALA,C
4.0,2,26,ALA,C
4.0,2,27,ALA,C
4.0,2,28,ALA,C
4.0,2,29,ALA,C
4.0,2,30,ALA,C
6.0,3,1,ALA,C
6.0,3,2,ALA,C
6.0,3,3,ALA,C
6.0,3,4,ALA,C
6.0,3,5,ALA,C
6.0,3,6,ALA,C
6.0,3,7,ALA,C
6.0,3,8,ALA,C
6.0,3,9,ALA,C
6.0,3,10,ALA,C
6.0,3,11,ALA,C
6.0,3,12,ALA,C
6.0,3,13,ALA,C
6.0,3,14,ALA,C
6.0,3,15,ALA,C
6.0,3,16,ALA,C
6.0,3,17,ALA,C
6.0,3,18,ALA,C
6.0,3,19,ALA,C
6.0,3,20,ALA,C
6.0,3,21,ALA,C
6.0,3,22,ALA,C
6.0,3,23,ALA,C
6.0,3,24,ALA,C
6.0,3,25,ALA,C
6.0,3,26,ALA,C
6.0,3,27,ALA,C
6.0,3,28,ALA,C
6.0,3,29,ALA,C
6.0,3,30,ALA,C
8.0,4,1,ALA,C
8.0,4,2,ALA,C
8.0,4,3,ALA,C
8.0,4,4,ALA,C
8.0,4,5,ALA,C
8.0,4,6,ALA,C
8.0,4,7,ALA,C
8.0,4,8,ALA,C
8.0,4,9,ALA,C
8.0,4,10,ALA,T
8.0,4,11,ALA,E
8.0,4,12,ALA,T
8.0,4,13,ALA,T
8.0,4,14,ALA,T
8.0,4,15,ALA,T
8.0,4,16,ALA,T
8.0,4,17,ALA,T
8.0,4,18,ALA,T
8.0,4,19,ALA,T
8.0,4,20,ALA,T
8.0,4,21,ALA,T
8.0,4,22,ALA,T
8.0,4,23,ALA,T
8.0,4,24,ALA,T
8.0,4,25,ALA,T
8.0,4,26,ALA,T
8.0,4,27,ALA,T
8.0,4,28,ALA,T
8.0,4,29,ALA,T
8.0,4,30,ALA,C
10.0,5,1,ALA,C
10.0,5,2,ALA,C
10.0,5,3,ALA,C
10.0,5,4,ALA,C
10.0,5,5,ALA,C
10.0,5,6,ALA,C
10.0,5,7,ALA,C
10.0,5,8,ALA,C
10.0,5,9,ALA,C
10.0,5,10,ALA,C
10.0,5,11,ALA,C
10.0,5,12,ALA,T
10.0,5,13,ALA,E
10.0,5,14,ALA,T
10.0,5,15,ALA,T
10.0,5,16,ALA,T
10.0,5,17,ALA,T
10.0,5,18,ALA,T
10.0,5,19,ALA,T
10.0,5,20,ALA,T
10.0,5,21,ALA,T
10.0,5,22,ALA,T
10.0,5,23,ALA,T
10.0,5,24,ALA,T
10.0,5,25,ALA,T
10.0,5,26,ALA,T
10.0,5,27,ALA,T
10.0,5,28,ALA,T
10.0,5,29,ALA,T
10.0,5,30,ALA,C
12.0,6,1,ALA,C
12.0,6,2,ALA,C
12.0,6,3,ALA,C
12.0,6,4,ALA,C
12.0,6,5,ALA,C
12.0,6,6,ALA,C
12.0,6,7,ALA,C
12.0,6,8,ALA,C
12.0,6,9,ALA,C
12.0,6,10,ALA,C
12.0,6,11,ALA,C
12.0,6,12,ALA,C
12.0,6,13,ALA,C
12.0,6,14,ALA,C
12.0,6,15,ALA,C
12.0,6,16,ALA,C
12.0,6,17,ALA,C
12.0,6,18,ALA,C
12.0,6,19,ALA,C
12.0,6,20,ALA,C
12.0,6,21,ALA,C
12.0,6,22,ALA,C
12.0,6,23,ALA,C
12.0,6,24,ALA,C
12.0,6,25,ALA,C
12.0,6,26,ALA,C
12.0,6,27,ALA,C
12.0,6,28,ALA,C
12.0,6,29,ALA,C
12.0,6,30,ALA,C
14.0,7,1,ALA,C
14.0,7,2,ALA,C
14.0,7,3,ALA,C
14.0,7,4,ALA,C
14.0,7,5,ALA,C
14.0,7,6,ALA,C
14.0,7,7,ALA,C
14.0,7,8,ALA,C
14.0,7,9,ALA,C
14.0,7,10,ALA,C
14.0,7,11,ALA,C
14.0,7,12,ALA,C
14.0,7,13,ALA,C
14.0,7,14,ALA,C
14.0,7,15,ALA,C
14.0,7,16,ALA,C
14.0,7,17,ALA,C
14.0,7,18,ALA,C
14.0,7,19,ALA,C
14.0,7,20,ALA,C
14.0,7,21,ALA,C
14.0,7,22,ALA,C
14.0,7,23,ALA,C
14.0,7,24,ALA,C
14.0,7,25,ALA,C
14.0,7,26,ALA,C
14.0,7,27,ALA,C
14.0,7,28,ALA,C
14.0,7,29,ALA,C
14.0,7,30,ALA,C
16.0,8,1,ALA,C
16.0,8,2,ALA,C
16.0,8,3,ALA,C
16.0,8,4,ALA,C
16.0,8,5,ALA,C
16.0,8,6,ALA,C
16.0,8,7,ALA,C
16.0,8,8,ALA,C
16.0,8,9,ALA,C
16.0,8,10,ALA,C
16.0,8,11,ALA,C
16.0,8,12,ALA,C
16.0,8,13,ALA,C
16.0,8,14,ALA,C
16.0,8,15,ALA,C
16.0,8,16,ALA,C
16.0,8,17,ALA,C
16.0,8,18,ALA,C
16.0,8,19,ALA,C
16.0,8,20,ALA,C
16.0,8,21,ALA,C
16.0,8,22,ALA,C
16.0,8,23,ALA,C
16.0,8,24,ALA,C
16.0,8,25,ALA,C
16.0,8,26,ALA,C
16.0,8,27,ALA,C
16.0,8,28,ALA,C
16.0,8,29,ALA,C
16.0,8,30,ALA,C
18.0,9,1,ALA,C
18.0,9,2,ALA,C
18.0,9,3,ALA,C
18.0,9,4,ALA,C
18.0,9,5,ALA,C
18.0,9,6,ALA,C
18.0,9,7,ALA,C
18.0,9,8,ALA,C
18.0,9,9,ALA,C
18.0,9,10,ALA,C
18.0,9,11,ALA,C
18.0,9,12,ALA,C
18.0,9,13,ALA,C
18.0,9,14,ALA,C
18.0,9,15,ALA,C
18.0,9,16,ALA,C
18.0,9,17,ALA,T
18.0,9,18,ALA,E
18.0,9,19,ALA,T
18.0,9,20,ALA,T
18.0,9,21,ALA,T
18.0,9,22,ALA,T
18.0,9,23,ALA,T
18.0,9,24,ALA,T
18.0,9,25,ALA,T
18.0,9,26,ALA,T
18.0,9,27,ALA,T
18.0,9,28,ALA,T
18.0,9,29,ALA,T
18.0,9,30,ALA,C
20.0,10,1,ALA,C
20.0,10,2,ALA,C
20.0,10,3,ALA,C
20.0,10,4,ALA,C
20.0,10,5,ALA,C
20.0,10,6,ALA,C
20.0,10,7,ALA,C
20.0,10,8,ALA,C
20.0,10,9,ALA,C
20.0,10,10,ALA,T
20.0,10,11,ALA,E
20.0,10,12,ALA,T
20.0,10,13,ALA,T
20.0,10,14,ALA,T
20.0,10,15,ALA,T
20.0,10,16,ALA,T
20.0,10,17,ALA,T
20.0,10,18,ALA,T
20.0,10,19,ALA,T
20.0,10,20,ALA,T
20.0,10,21,ALA,T
20.0,10,22,ALA,T
20.0,10,23,ALA,T
20.0,10,24,ALA,T
20.0,10,25,ALA,T
20.0,10,26,ALA,T
20.0,10,27,ALA,T
20.0,10,28,ALA,T
20.0,10,29,ALA,T
20.0,10,30,ALA,C
22.0,11,1,ALA,C
22.0,11,2,ALA,C
22.0,11,3,ALA,C
22.0,11,4,ALA,C
22.0,11,5,ALA,C
22.0,11,6,ALA,C
22.0,11,7,ALA,C
22.0,11,8,ALA,C
22.0,11,9,ALA,C
22.0,11,10,ALA,C
22.0,11,11,ALA,C
22.0,11,12,ALA,C
22.0,11,13,ALA,C
22.0,11,14,ALA,C
22.0,11,15,ALA,C
22.0,11,16,ALA,C
22.0,11,17,ALA,C
22.0,11,18,ALA,C
22.0,11,19,ALA,C
22.0,11,20,ALA,C
22.0,11,21,ALA,C
22.0,11,22,ALA,C
22.0,11,23,ALA,C
22.0,11,24,ALA,C
22.0,11,25,ALA,C
22.0,11,26,ALA,C
22.0,11,27,ALA,C
22.0,11,28,ALA,C
22.0,11,29,ALA,C
22.0,11,30,ALA,C
24.0,12,1,ALA,C
24.0,12,2,ALA,C
24.0,12,3,ALA,C
24.0,12,4,ALA,C
24.0,12,5,ALA,C
24.0,12,6,ALA,C
24.0,12,7,ALA,C
24.0,12,8,ALA,C
24.0,12,9,ALA,C
24.0,12,10,ALA,C
24.0,12,11,ALA,C
24.0,12,12,ALA,C
24.0,12,13,ALA,C
24.0,12,14,ALA,C
24.0,12,15,ALA,C
24.0,12,16,ALA,C
24.0,12,17,ALA,C
24.0,12,18,ALA,C
24.0,12,19,ALA,C
24.0,12,20,ALA,C
24.0,12,21,ALA,C
24.0,12,22,ALA,C
24.0,12,23,ALA,C
24.0,12,24,ALA,C
24.0,12,25,ALA,C
24.0,12,26,ALA,C
24.0,12,27,ALA,C
24.0,12,28,ALA,C
24.0,12,29,ALA,C
24.0,12,30,ALA,C
26.0,13,1,ALA,C
26.0,13,2,ALA,C
26.0,13,3,ALA,C
26.0,13,4,ALA,C
26.0,13,5,ALA,C
26.0,13,6,ALA,C
26.0,13,7,ALA,C
26.0,13,8,ALA,C
26.0,13,9,ALA,C
26.0,13,10,ALA,C
26.0,13,11,ALA,C
26.0,13,12,ALA,C
26.0,13,13,ALA,C
26.0,13,14,ALA,C
26.0,13,15,ALA,C
26.0,13,16,ALA,C
26.0,13,17,ALA,C
26.0,13,18,ALA,C
26.0,13,19,ALA,C
26.0,13,20,ALA,C
26.0,13,21,ALA,C
26.0,13,22,ALA,C
26.0,13,23,ALA,C
26.0,13,24,ALA,C
26.0,13,25,ALA,C
26.0,13,26,ALA,C
26.0,13,27,ALA,C
26.0,13,28,ALA,C
26.0,13,29,ALA,C
26.0,13,30,ALA,C
28.0,14,1,ALA,C
28.0,14,2,ALA,C
28.0,14,3,ALA,C
28.0,14,4,ALA,C
28.0,14,5,ALA,C
28.0,14,6,ALA,C
28.0,14,7,ALA,C
28.0,14,8,ALA,C
28.0,14,9,ALA,C
28.0,14,10,ALA,C
28.0,14,11,ALA,C
28.0,14,12,ALA,C
28.0,14,13,ALA,C
28.0,14,14,ALA,C
28.0,14,15,ALA,C
28.0,14,16,ALA,C
28.0,14,17,ALA,C
28.0,14,18,ALA,C
28.0,14,19,ALA,C
28.0,14,20,ALA,C
28.0,14,21,ALA,C
28.0,14,22,ALA,C
28.0,14,23,ALA,C
28.0,14,24,ALA,C
28.0,14,25,ALA,C
28.0,14,26,ALA,C
28.0,14,27,ALA,C
28.0,14,28,ALA,C
28.0,14,29,ALA,C
28.0,14,30,ALA,C
30.0,15,1,ALA,C
30.0,15,2,ALA,C
30.0,15,3,ALA,C
30.0,15,4,ALA,C
30.0,15,5,ALA,C
30.0,15,6,ALA,C
30.0,15,7,ALA,C
30.0,15,8,ALA,C
30.0,15,9,ALA,C
30.0,15,10,ALA,C
30.0,15,11,ALA,C
30.0,15,12,ALA,C
30.0,15,13,ALA,C
30.0,15,14,ALA,C
30.0,15,15,ALA,C
30.0,15,16,ALA,C
30.0,15,17,ALA,C
30.0,15,18,ALA,C
30.0,15,19,ALA,C
30.0,15,20,ALA,C
30.0,15,21,ALA,C
30.0,15,22,ALA,C
30.0,15,23,ALA,C
30.0,15,24,ALA,C
30.0,15,25,ALA,C
30.0,15,26,ALA,C
30.0,15,27,ALA,C
30.0,15,28,ALA,C
30.0,15,29,ALA,C
30.0,15,30,ALA,C
32.0,16,1,ALA,C
32.0,16,2,ALA,C
32.0,16,3,ALA,C
32.0,16,4,ALA,C
32.0,16,5,ALA,C
32.0,16,6,ALA,C
32.0,16,7,ALA,C
32.0,16,8,ALA,C
32.0,16,9,ALA,C
32.0,16,10,ALA,C
32.0,16,11,ALA,C
32.0,16,12,ALA,C
32.0,16,13,ALA,C
32.0,16,14,ALA,C
32.0,16,15,ALA,C
32.0,16,16,ALA,C
32.0,16,17,ALA,C
32.0,16,18,ALA,C
32.0,16,19,ALA,C
32.0,16,20,ALA,C
32.0,16,21,ALA,C
32.0,16,22,ALA,C
32.0,16,23,ALA,C
32.0,16,24,ALA,C
32.0,16,25,ALA,C
32.0,16,26,ALA,C
32.0,16,27,ALA,C
32.0,16,28,ALA,C
32.0,16,29,ALA,C
32.0,16,30,ALA,C
34.0,17,1,ALA,C
34.0,17,2,ALA,C
34.0,17,3,ALA,C
34.0,17,4,ALA,C
34.0,17,5,ALA,C
34.0,17,6,ALA,C
34.0,17,7,ALA,C
34.0,17,8,ALA,C
34.0,17,9,ALA,C
34.0,17,10,ALA,C
34.0,17,11,ALA,C
34.0,17,12,ALA,C
34.0,17,13,ALA,C
34.0,17,14,ALA,C
34.0,17,15,ALA,C
34.0,17,16,ALA,C
34.0,17,17,ALA,C
34.0,17,18,ALA,C
34.0,17,19,ALA,C
34.0,17,20,ALA,C
34.0,17,21,ALA,C
34.0,17,22,ALA,C
34.0,17,23,ALA,C
34.0,17,24,ALA,C
34.0,17,25,ALA,C
34.0,17,26,ALA,C
34.0,17,27,ALA,C
34.0,17,28,ALA,C
34.0,17,29,ALA,C
34.0,17,30,ALA,C
36.0,18,1,ALA,C
36.0,18,2,ALA,C
36.0,18,3,ALA,C
36.0,18,4,ALA,C
36.0,18,5,ALA,C
36.0,18,6,ALA,C
36.0,18,7,ALA,T
36.0,18,8,ALA,E
36.0,18,9,ALA,T
36.0,18,10,ALA,T
36.0,18,11,ALA,T
36.0,18,12,ALA,T
36.0,18,13,ALA,T
36.0,18,14,ALA,T
36.0,18,15,ALA,T
36.0,18,16,ALA,T
36.0,18,17,ALA,T
36.0,18,18,ALA,T
36.0,18,19,ALA,T
36.0,18,20,ALA,T
36.0,18,21,ALA,T
36.0,18,22,ALA,T
36.0,18,23,ALA,T
36.0,18,24,ALA,T
36.0,18,25,ALA,T
36.0,18,26,ALA,T
36.0,18,27,ALA,T
36.0,18,28,ALA,T
36.0,18,29,ALA,T
36.0,18,30,ALA,C
38.0,19,1,ALA,C
38.0,19,2,ALA,C
38.0,19,3,ALA,C
38.0,19,4,ALA,C
38.0,19,5,ALA,C
38.0,19,6,ALA,C
38.0,19,7,ALA,C
38.0,19,8,ALA,C
38.0,19,9,ALA,C
38.0,19,10,ALA,C
38.0,19,11,ALA,C
38.0,19,12,ALA,C
38.0,19,13,ALA,C
38.0,19,14,ALA,C
38.0,19,15,ALA,C
38.0,19,16,ALA,C
38.0,19,17,ALA,C
38.0,19,18,ALA,C
38.0,19,19,ALA,C
38.0,19,20,ALA,C
38.0,19,21,ALA,C
38.0,19,22,ALA,C
38.0,19,23,ALA,C
38.0,19,24,ALA,C
38.0,19,25,ALA,C
38.0,19,26,ALA,C
38.0,19,27,ALA,C
38.0,19,28,ALA,C
38.0,19,29,ALA,C
38.0,19,30,ALA,C
40.0,20,1,ALA,C
40.0,20,2,ALA,C
40.0,20,3,ALA,C
40.0,20,4,ALA,C
40.0,20,5,ALA,C
40.0,20,6,ALA,C
40.0,20,7,ALA,C
40.0,20,8,ALA,C
40.0,20,9,ALA,C
40.0,20,10,ALA,C
40.0,20,11,ALA,C
40.0,20,12,ALA,C
40.0,20,13,ALA,C
40.0,20,14,ALA,C
40.0,20,15,ALA,C
40.0,20,16,ALA,C
40.0,20,17,ALA,C
40.0,20,18,ALA,C
40.0,20,19,ALA,C
40.0,20,20,ALA,C
40.0,20,21,ALA,C
40.0,20,22,ALA,C
40.0,20,23,ALA,C
40.0,20,24,ALA,C
40.0,20,25,ALA,C
40.0,20,26,ALA,C
40.0,20,27,ALA,C
40.0,20,28,ALA,C
40.0,20,29,ALA,C
40.0,20,30,ALA,C
42.0,21,1,ALA,C
42.0,21,2,ALA,C
42.0,21,3,ALA,C
42.0,21,4,ALA,C
42.0,21,5,ALA,C
42.0,21,6,ALA,C
42.0,21,7,ALA,C
42.0,21,8,ALA,C
42.0,21,9,ALA,C
42.0,21,10,ALA,C
42.0,21,11,ALA,C
42.0,21,12,ALA,C
42.0,21,13,ALA,C
42.0,21,14,ALA,C
42.0,21,15,ALA,C
42.0,21,16,ALA,C
42.0,21,17,ALA,C
42.0,21,18,ALA,C
42.0,21,19,ALA,C
42.0,21,20,ALA,C
42.0,21,21,ALA,C
42.0,21,22,ALA,C
42.0,21,23,ALA,C
42.0,21,24,ALA,C
42.0,21,25,ALA,C
42.0,21,26,ALA,C
42.0,21,27,ALA,C
42.0,21,28,ALA,C
42.0,21,29,ALA,C
42.0,21,30,ALA,C
44.0,22,1,ALA,C
44.0,22,2,ALA,C
44.0,22,3,ALA,C
44.0,22,4,ALA,C
44.0,22,5,ALA,C
44.0,22,6,ALA,C
44.0,22,7,ALA,C
44.0,22,8,ALA,C
44.0,22,9,ALA,C
44.0,22,10,ALA,C
44.0,22,11,ALA,C
44.0,22,12,ALA,T
44.0,22,13,ALA,E
44.0,22,14,ALA,T
44.0,22,15,ALA,T
44.0,22,16,ALA,T
44.0,22,17,ALA,T
44.0,22,18,ALA,T
44.0,22,19,ALA,T
44.0,22,20,ALA,T
44.0,22,21,ALA,T
44.0,22,22,ALA,E
44.0,22,23,ALA,T
44.0,22,24,ALA,T
44.0,22,25,ALA,T
44.0,22,26,ALA,T
44.0,22,27,ALA,T
44.0,22,28,ALA,T
44.0,22,29,ALA,T
44.0,22,30,ALA,C
46.0,23,1,ALA,C
46.0,23,2,ALA,C
46.0,23,3,ALA,C
46.0,23,4,ALA,C
46.0,23,5,ALA,C
46.0,23,6,ALA,C
46.0,23,7,ALA,C
46.0,23,8,ALA,C
46.0,23,9,ALA,C
46.0,23,10,ALA,C
46.0,23,11,ALA,C
46.0,23,12,ALA,C
46.0,23,13,ALA,C
46.0,23,14,ALA,C
46.0,23,15,ALA,C
46.0,23,16,ALA,C
46.0,23,17,ALA,C
46.0,23,18,ALA,C
46.0,23,19,ALA,C
46.0,23,20,ALA,C
46.0,23,21,ALA,C
46.0,23,22,ALA,C
46.0,23,23,ALA,C
46.0,23,24,ALA,C
46.0,23,25,ALA,C
46.0,23,26,ALA,C
46.0,23,27,ALA,C
46.0,23,28,ALA,C
46.0,23,29,ALA,C
46.0,23,30,ALA,C
48.0,24,1,ALA,C
48.0,24,2,ALA,C
48.0,24,3,ALA,C
48.0,24,4,ALA,C
48.0,24,5,ALA,C
48.0,24,6,ALA,C
48.0,24,7,ALA,C
48.0,24,8,ALA,C
48.0,24,9,ALA,C
48.0,24,10,ALA,C
48.0,24,11,ALA,C
48.0,24,12,ALA,C
48.0,24,13,ALA,C
48.0,24,14,ALA,C
48.0,24,15,ALA,C
48.0,24,16,ALA,C
48.0,24,17,ALA,C
48.0,24,18,ALA,C
48.0,24,19,ALA,C
48.0,24,20,ALA,C
48.0,24,21,ALA,C
48.0,24,22,ALA,C
48.0,24,23,ALA,C
48.0,24,24,ALA,C
48.0,24,25,ALA,C
48.0,24,26,ALA,C
48.0,24,27,ALA,C
48.0,24,28,ALA,C
48.0,24,29,ALA,C
48.0,24,30,ALA,C
50.0,25,1,ALA,C
50.0,25,2,ALA,C
50.0,25,3,ALA,C
50.0,25,4,ALA,C
50.0,25,5,ALA,C
50.0,25,6,ALA,C
50.0,25,7,ALA,C
50.0,25,8,ALA,C
50.0,25,9,ALA,C
50.0,25,10,ALA,C
50.0,25,11,ALA,C
50.0,25,12,ALA,C
50.0,25,13,ALA,C
50.0,25,14,ALA,C
50.0,25,15,ALA,C
50.0,25,16,ALA,C
50.0,25,17,ALA,C
50.0,25,18,ALA,C
50.0,25,19,ALA,C
50.0,25,20,ALA,C
50.0,25,21,ALA,C
50.0,25,22,ALA,C
50.0,25,23,ALA,C
50.0,25,24,ALA,C
50.0,25,25,ALA,C
50.0,25,26,ALA,C
50.0,25,27,ALA,C
50.0,25,28,ALA,C
50.0,25,29,ALA,C
50.0,25,30,ALA,C
52.0,26,1,ALA,C
52.0,26,2,ALA,C
52.0,26,3,ALA,C
52.0,26,4,ALA,C
52.0,26,5,ALA,C
52.0,26,6,ALA,C
52.0,26,7,ALA,C
52.0,26,8,ALA,C
52.0,26,9,ALA,C
52.0,26,10,ALA,C
52.0,26,11,ALA,C
52.0,26,12,ALA,C
52.0,26,13,ALA,C
52.0,26,14,ALA,C
52.0,26,15,ALA,C
52.0,26,16,ALA,C
52.0,26,17,ALA,C
52.0,26,18,ALA,C
52.0,26,19,ALA,C
52.0,26,20,ALA,C
52.0,26,21,ALA,C
52.0,26,22,ALA,C
52.0,26,23,ALA,C
52.0,26,24,ALA,C
52.0,26,25,ALA,C
52.0,26,26,ALA,C
52.0,26,27,ALA,C
52.0,26,28,ALA,C
52.0,26,29,ALA,C
52.0,26,30,ALA,C
54.0,27,1,ALA,C
54.0,27,2,ALA,C
54.0,27,3,ALA,C
54.0,27,4,ALA,C
54.0,27,5,ALA,C
54.0,27,6,ALA,C
54.0,27,7,ALA,C
54.0,27,8,ALA,C
54.0,27,9,ALA,C
54.0,27,10,ALA,C
54.0,27,11,ALA,C
54.0,27,12,ALA,C
54.0,27,13,ALA,C
54.0,27,14,ALA,C
54.0,27,15,ALA,C
54.0,27,16,ALA,C
54.0,27,17,ALA,C
54.0,27,18,ALA,C
54.0,27,19,ALA,C
54.0,27,20,ALA,C
54.0,27,21,ALA,C
54.0,27,22,ALA,C
54.0,27,23,ALA,C
54.0,27,24,ALA,C
54.0,27,25,ALA,C
54.0,27,26,ALA,C
54.0,27,27,ALA,C
54.0,27,28,ALA,C
54.0,27,29,ALA,C
54.0,27,30,ALA,C
56.0,28,1,ALA,C
56.0,28,2,ALA,C
56.0,28,3,ALA,C
56.0,28,4,ALA,C
56.0,28,5,ALA,C
56.0,28,6,ALA,C
56.0,28,7,ALA,T
56.0,28,8,ALA,E
56.0,28,9,ALA,T
56.0,28,10,ALA,T
56.0,28,11,ALA,T
56.0,28,12,ALA,T
56.0,28,13,ALA,T
56.0,28,14,ALA,T
56.0,28,15,ALA,T
56.0,28,16,ALA,T
56.0,28,17,ALA,T
56.0,28,18,ALA,T
56.0,28,19,ALA,T
56.0,28,20,ALA,T
56.0,28,21,ALA,T
56.0,28,22,ALA,T
56.0,28,23,ALA,T
56.0,28,24,ALA,T
56.0,28,25,ALA,T
56.0,28,26,ALA,E
56.0,28,27,ALA,T
56.0,28,28,ALA,T
56.0,28,29,ALA,T
56.0,28,30,ALA,C
58.0,29,1,ALA,C
58.0,29,2,ALA,C
58.0,29,3,ALA,C
58.0,29,4,ALA,C
58.0,29,5,ALA,C
58.0,29,6,ALA,C
58.0,29,7,ALA,C
58.0,29,8,ALA,C
58.0,29,9,ALA,C
58.0,29,10,ALA,C
58.0,29,11,ALA,C
58.0,29,12,ALA,C
58.0,29,13,ALA,C
58.0,29,14,ALA,C
58.0,29,15,ALA,C
58.0,29,16,ALA,C
58.0,29,17,ALA,C
58.0,29,18,ALA,C
58.0,29,19,ALA,C
58.0,29,20,ALA,C
58.0,29,21,ALA,C
58.0,29,22,ALA,C
58.0,29,23,ALA,C
58.0,29,24,ALA,C
58.0,29,25,ALA,C
58.0,29,26,ALA,C
58.0,29,27,ALA,C
58.0,29,28,ALA,C
58.0,29,29,ALA,C
58.0,29,30,ALA,C
60.0,30,1,ALA,C
60.0,30,2,ALA,C
60.0,30,3,ALA,C
60.0,30,4,ALA,C
60.0,30,5,ALA,C
60.0,30,6,ALA,C
60.0,30,7,ALA,C
60.0,30,8,ALA,C
60.0,30,9,ALA,C
60.0,30,10,ALA,C
60.0,30,11,ALA,C
60.0,30,12,ALA,C
60.0,30,13,ALA,C
60.0,30,14,ALA,C
60.0,30,15,ALA,C
60.0,30,16,ALA,C
60.0,30,17,ALA,C
60.0,30,18,ALA,C
60.0,30,19,ALA,C
60.0,30,20,ALA,C
60.0,30,21,ALA,C
60.0,30,22,ALA,C
60.0,30,23,ALA,C
60.0,30,24,ALA,C
60.0,30,25,ALA,C
60.0,30,26,ALA,C
60.0,30,27,ALA,C
60.0,30,28,ALA,C
60.0,30,29,ALA,C
60.0,30,30,ALA,C
62.0,31,1,ALA,C
62.0,31,2,ALA,C
62.0,31,3,ALA,T
62.0,31,4,ALA,E
62.0,31,5,ALA,T
62.0,31,6,ALA,T
62.0,31,7,ALA,T
62.0,31,8,ALA,T
62.0,31,9,ALA,T
62.0,31,10,ALA,T
62.0,31,11,ALA,T
62.0,31,12,ALA,T
62.0,31,13,ALA,T
62.0,31,14,ALA,T
62.0,31,15,ALA,T
62.0,31,16,ALA,T
62.0,31,17,ALA,T
62.0,31,18,ALA,T
62.0,31,19,ALA,T
62.0,31,20,ALA,T
62.0,31,21,ALA,T
62.0,31,22,ALA,T
62.0,31,23,ALA,T
62.0,31,24,ALA,T
62.0,31,25,ALA,T
62.0,31,26,ALA,T
62.0,31,27,ALA,T
62.0,31,28,ALA,T
62.0,31,29,ALA,T
62.0,31,30,ALA,C
64.0,32,1,ALA,C
64.0,32,2,ALA,C
64.0,32,3,ALA,C
64.0,32,4,ALA,C
64.0,32,5,ALA,C
64.0,32,6,ALA,C
64.0,32,7,ALA,C
64.0,32,8,ALA,C
64.0,32,9,ALA,C
64.0,32,10,ALA,C
64.0,32,11,ALA,C
64.0,32,12,ALA,C
64.0,32,13,ALA,C
64.0,32,14,ALA,C
64.0,32,15,ALA,C
64.0,32,16,ALA,C
64.0,32,17,ALA,C
64.0,32,18,ALA,C
64.0,32,19,ALA,C
64.0,32,20,ALA,C
64.0,32,21,ALA,C
64.0,32,22,ALA,C
64.0,32,23,ALA,C
64.0,32,24,ALA,C
64.0,32,25,ALA,C
64.0,32,26,ALA,C
64.0,32,27,ALA,C
64.0,32,28,ALA,C
64.0,32,29,ALA,C
64.0,32,30,ALA,C
66.0,33,1,ALA,C
66.0,33,2,ALA,C
66.0,33,3,ALA,C
66.0,33,4,ALA,C
66.0,33,5,ALA,C
66.0,33,6,ALA,C
66.0,33,7,ALA,C
66.0,33,8,ALA,C
66.0,33,9,ALA,C
66.0,33,10,ALA,C
66.0,33,11,ALA,C
66.0,33,12,ALA,C
66.0,33,13,ALA,C
66.0,33,14,ALA,C
66.0,33,15,ALA,C
66.0,33,16,ALA,C
66.0,33,17,ALA,C
66.0,33,18,ALA,C
66.0,33,19,ALA,C
66.0,33,20,ALA,C
66.0,33,21,ALA,C
66.0,33,22,ALA,C
66.0,33,23,ALA,C
66.0,33,24,ALA,C
66.0,33,25,ALA,C
66.0,33,26,ALA,C
66.0,33,27,ALA,C
66.0,33,28,ALA,C
66.0,33,29,ALA,C
66.0,33,30,ALA,C
68.0,34,1,ALA,C
68.0,34,2,ALA,C
68.0,34,3,ALA,C
68.0,34,4,ALA,C
68.0,34,5,ALA,C
68.0,34,6,ALA,C
68.0,34,7,ALA,T
68.0,34,8,ALA,E
68.0,34,9,ALA,T
68.0,34,10,ALA,T
68.0,34,11,ALA,T
68.0,34,12,ALA,T
68.0,34,13,ALA,T
68.0,34,14,ALA,T
68.0,34,15,ALA,T
68.0,34,16,ALA,T
68.0,34,17,ALA,T
68.0,34,18,ALA,T
68.0,34,19,ALA,T
68.0,34,20,ALA,T
68.0,34,21,ALA,T
68.0,34,22,ALA,T
68.0,34,23,ALA,T
68.0,34,24,ALA,T
68.0,34,25,ALA,T
68.0,34,26,ALA,T
68.0,34,27,ALA,T
68.0,34,28,ALA,T
68.0,34,29,ALA,T
68.0,34,30,ALA,C
70.0,35,1,ALA,C
70.0,35,2,ALA,C
70.0,35,3,ALA,C
70.0,35,4,ALA,C
70.0,35,5,ALA,C
70.0,35,6,ALA,C
70.0,35,7,ALA,C
70.0,35,8,ALA,C
70.0,35,9,ALA,C
70.0,35,10,ALA,C
70.0,35,11,ALA,C
70.0,35,12,ALA,C
70.0,35,13,ALA,C
70.0,35,14,ALA,C
70.0,35,15,ALA,C
70.0,35,16,ALA,C
70.0,35,17,ALA,C
70.0,35,18,ALA,C
70.0,35,19,ALA,C
70.0,35,20,ALA,C
70.0,35,21,ALA,C
70.0,35,22,ALA,C
70.0,35,23,ALA,C
70.0,35,24,ALA,C
70.0,35,25,ALA,C
70.0,35,26,ALA,C
70.0,35,27,ALA,C
70.0,35,28,ALA,T
70.0,35,29,ALA,E
70.0,35,30,ALA,C
72.0,36,1,ALA,C
72.0,36,2,ALA,C
72.0,36,3,ALA,C
72.0,36,4,ALA,C
72.0,36,5,ALA,C
72.0,36,6,ALA,C
72.0,36,7,ALA,T
72.0,36,8,ALA,E
72.0,36,9,ALA,T
72.0,36,10,ALA,T
72.0,36,11,ALA,T
72.0,36,12,ALA,T
72.0,36,13,ALA,T
72.0,36,14,ALA,T
72.0,36,15,ALA,T
72.0,36,16,ALA,T
72.0,36,17,ALA,T
72.0,36,18,ALA,T
72.0,36,19,ALA,T
72.0,36,20,ALA,T
72.0,36,21,ALA,T
72.0,36,22,ALA,T
72.0,36,23,ALA,T
72.0,36,24,ALA,T
72.0,36,25,ALA,T
72.0,36,26,ALA,T
72.0,36,27,ALA,T
72.0,36,28,ALA,T
72.0,36,29,ALA,T
72.0,36,30,ALA,C
74.0,37,1,ALA,C
74.0,37,2,ALA,C
74.0,37,3,ALA,C
74.0,37,4,ALA,C
74.0,37,5,ALA,C
74.0,37,6,ALA,C
74.0,37,7,ALA,C
74.0,37,8,ALA,C
74.0,37,9,ALA,C
74.0,37,10,ALA,C
74.0,37,11,ALA,C
74.0,37,12,ALA,C
74.0,37,13,ALA,C
74.0,37,14,ALA,C
74.0,37,15,ALA,C
74.0,37,16,ALA,C
74.0,37,17,ALA,C
74.0,37,18,ALA,C
74.0,37,19,ALA,C
74.0,37,20,ALA,C
74.0,37,21,ALA,C
74.0,37,22,ALA,C
74.0,37,23,ALA,C
74.0,37,24,ALA,C
74.0,37,25,ALA,C
74.0,37,26,ALA,C
74.0,37,27,ALA,C
74.0,37,28,ALA,C
74.0,37,29,ALA,C
74.0,37,30,ALA,C
76.0,38,1,ALA,C
76.0,38,2,ALA,C
76.0,38,3,ALA,C
76.0,38,4,ALA,C
76.0,38,5,ALA,T
76.0,38,6,ALA,E
76.0,38,7,ALA,T
76.0,38,8,ALA,T
76.0,38,9,ALA,T
76.0,38,10,ALA,T
76.0,38,11,ALA,T
76.0,38,12,ALA,T
76.0,38,13,ALA,T
76.0,38,14,ALA,T
76.0,38,15,ALA,T
76.0,38,16,ALA,T
76.0,38,17,ALA,T
76.0,38,18,ALA,T
76.0,38,19,ALA,T
76.0,38,20,ALA,T
76.0,38,21,ALA,T
76.0,38,22,ALA,T
76.0,38,23,ALA,T
76.0,38,24,ALA,T
76.0,38,25,ALA,T
76.0,38,26,ALA,T
76.0,38,27,ALA,T
76.0,38,28,ALA,T
76.0,38,29,ALA,T
76.0,38,30,ALA,C
78.0,39,1,ALA,C
78.0,39,2,ALA,C
78.0,39,3,ALA,C
78.0,39,4,ALA,C
78.0,39,5,ALA,C
78.0,39,6,ALA,C
78.0,39,7,ALA,C
78.0,39,8,ALA,C
78.0,39,9,ALA,C
78.0,39,10,ALA,C
78.0,39,11,ALA,C
78.0,39,12,ALA,C
78.0,39,13,ALA,C
78.0,39,14,ALA,C
78.0,39,15,ALA,C
78.0,39,16,ALA,C
78.0,39,17,ALA,C
78.0,39,18,ALA,C
78.0,39,19,ALA,C
78.0,39,20,ALA,C
78.0,39,21,ALA,T
78.0,39,22,ALA,E
78.0,39,23,ALA,T
78.0,39,24,ALA,T
78.0,39,25,ALA,T
78.0,39,26,ALA,T
78.0,39,27,ALA,T
78.0,39,28,ALA,T
78.0,39,29,ALA,T
78.0,39,30,ALA,C
80.0,40,1,ALA,C
80.0,40,2,ALA,C
80.0,40,3,ALA,C
80.0,40,4,ALA,C
80.0,40,5,ALA,C
80.0,40,6,ALA,C
80.0,40,7,ALA,C
80.0,40,8,ALA,C
80.0,40,9,ALA,C
80.0,40,10,ALA,C
80.0,40,11,ALA,C
80.0,40,12,ALA,C
80.0,40,13,ALA,C
80.0,40,14,ALA,C
80.0,40,15,ALA,C
80.0,40,16,ALA,C
80.0,40,17,ALA,C
80.0,40,18,ALA,T
80.0,40,19,ALA,E
80.0,40,20,ALA,T
80.0,40,21,ALA,T
80.0,40,22,ALA,T
80.0,40,23,ALA,T
80.0,40,24,ALA,T
80.0,40,25,ALA,T
80.0,40,26,ALA,T
80.0,40,27,ALA,T
80.0,40,28,ALA,T
80.0,40,29,ALA,T
80.0,40,30,ALA,C
82.0,41,1,ALA,C
82.0,41,2,ALA,C
82.0,41,3,ALA,T
82.0,41,4,ALA,E
82.0,41,5,ALA,T
82.0,41,6,ALA,T
82.0,41,7,ALA,T
82.0,41,8,ALA,T
82.0,41,9,ALA,T
82.0,41,10,ALA,T
82.0,41,11,ALA,T
82.0,41,12,ALA,T
82.0,41,13,ALA,T
82.0,41,14,ALA,T
82.0,41,15,ALA,T
82.0,41,16,ALA,T
82.0,41,17,ALA,T
82.0,41,18,ALA,T
82.0,41,19,ALA,T
82.0,41,20,ALA,T
82.0,41,21,ALA,T
82.0,41,22,ALA,T
82.0,41,23,ALA,T
82.0,41,24,ALA,T
82.0,41,25,ALA,T
82.0,41,26,ALA,T
82.0,41,27,ALA,T
82.0,41,28,ALA,T
82.0,41,29,ALA,T
82.0,41,30,ALA,C
84.0,42,1,ALA,C
84.0,42,2,ALA,C
84.0,42,3,ALA,C
84.0,42,4,ALA,C
84.0,42,5,ALA,C
84.0,42,6,ALA,C
84.0,42,7,ALA,C
84.0,42,8,ALA,C
84.0,42,9,ALA,C
84.0,42,10,ALA,T
84.0,42,11,ALA,E
84.0,42,12,ALA,T
84.0,42,13,ALA,T
84.0,42,14,ALA,T
84.0,42,15,ALA,T
84.0,42,16,ALA,T
84.0,42,17,ALA,T
84.0,42,18,ALA,T
84.0,42,19,ALA,T
84.0,42,20,ALA,T
84.0,42,21,ALA,T
84.0,42,22,ALA,T
84.0,42,23,ALA,T
84.0,42,24,ALA,T
84.0,42,25,ALA,T
84.0,42,26,ALA,T
84.0,42,27,ALA,T
84.0,42,28,ALA,T
84.0,42,29,ALA,T
84.0,42,30,ALA,C
86.0,43,1,ALA,C
86.0,43,2,ALA,C
86.0,43,3,ALA,C
86.0,43,4,ALA,C
86.0,43,5,ALA,C
86.0,43,6,ALA,C
86.0,43,7,ALA,T
86.0,43,8,ALA,E
86.0,43,9,ALA,T
86.0,43,10,ALA,T
86.0,43,11,ALA,T
86.0,43,12,ALA,T
86.0,43,13,ALA,T
86.0,43,14,ALA,T
86.0,43,15,ALA,E
86.0,43,16,ALA,T
86.0,43,17,ALA,T
86.0,43,18,ALA,T
86.0,43,19,ALA,T
86.0,43,20,ALA,T
86.0,43,21,ALA,T
86.0,43,22,ALA,E
86.0,43,23,ALA,T
86.0,43,24,ALA,T
86.0,43,25,ALA,T
86.0,43,26,ALA,T
86.0,43,27,ALA,T
86.0,43,28,ALA,T
86.0,43,29,ALA,T
86.0,43,30,ALA,C
88.0,44,1,ALA,C
88.0,44,2,ALA,C
88.0,44,3,ALA,C
88.0,44,4,ALA,C
88.0,44,5,ALA,C
88.0,44,6,ALA,C
88.0,44,7,ALA,C
88.0,44,8,ALA,C
88.0,44,9,ALA,C
88.0,44,10,ALA,C
88.0,44,11,ALA,C
88.0,44,12,ALA,C
88.0,44,13,ALA,C
88.0,44,14,ALA,C
88.0,44,15,ALA,C
88.0,44,16,ALA,C
88.0,44,17,ALA,C
88.0,44,18,ALA,C
88.0,44,19,ALA,C
88.0,44,20,ALA,C
88.0,44,21,ALA,C
88.0,44,22,ALA,C
88.0,44,23,ALA,C
88.0,44,24,ALA,C
88.0,44,25,ALA,C
88.0,44,26,ALA,C
88.0,44,27,ALA,C
88.0,44,28,ALA,C
88.0,44,29,ALA,C
88.0,44,30,ALA,C
90.0,45,1,ALA,C
90.0,45,2,ALA,C
90.0,45,3,ALA,C
90.0,45,4,ALA,C
90.0,45,5,ALA,C
90.0,45,6,ALA,C
90.0,45,7,ALA,C
90.0,45,8,ALA,C
90.0,45,9,ALA,C
90.0,45,10,ALA,C
90.0,45,11,ALA,C
90.0,45,12,ALA,C
90.0,45,13,ALA,C
90.0,45,14,ALA,C
90.0,45,15,ALA,C
90.0,45,16,ALA,C
90.0,45,17,ALA,C
90.0,45,18,ALA,C
90.0,45,19,ALA,C
90.0,45,20,ALA,C
90.0,45,21,ALA,T
90.0,45,22,ALA,E
90.0,45,23,ALA,T
90.0,45,24,ALA,T
90.0,45,25,ALA,T
90.0,45,26,ALA,T
90.0,45,27,ALA,T
90.0,45,28,ALA,T
90.0,45,29,ALA,T
90.0,45,30,ALA,C
92.0,46,1,ALA,C
92.0,46,2,ALA,C
92.0,46,3,ALA,C
92.0,46,4,ALA,C
92.0,46,5,ALA,T
92.0,46,6,ALA,E
92.0,46,7,ALA,T
92.0,46,8,ALA,T
92.0,46,9,ALA,T
92.0,46,10,ALA,T
92.0,46,11,ALA,T
92.0,46,12,ALA,T
92.0,46,13,ALA,T
92.0,46,14,ALA,T
92.0,46,15,ALA,T
92.0,46,16,ALA,T
92.0,46,17,ALA,T
92.0,46,18,ALA,T
92.0,46,19,ALA,T
92.0,46,20,ALA,T
92.0,46,21,ALA,T
92.0,46,22,ALA,T
92.0,46,23,ALA,T
92.0,46,24,ALA,T
92.0,46,25,ALA,T
92.0,46,26,ALA,T
92.0,46,27,ALA,T
92.0,46,28,ALA,T
92.0,46,29,ALA,T
92.0,46,30,ALA,C
94.0,47,1,ALA,C
94.0,47,2,ALA,C
94.0,47,3,ALA,C
94.0,47,4,ALA,C
94.0,47,5,ALA,C
94.0,47,6,ALA,C
94.0,47,7,ALA,C
94.0,47,8,ALA,C
94.0,47,9,ALA,C
94.0,47,10,ALA,C
94.0,47,11,ALA,C
94.0,47,12,ALA,C
94.0,47,13,ALA,C
94.0,47,14,ALA,C
94.0,47,15,ALA,C
94.0,47,16,ALA,C
94.0,47,17,ALA,C
94.0,47,18,ALA,C
94.0,47,19,ALA,C
94.0,47,20,ALA,C
94.0,47,21,ALA,C
94.0,47,22,ALA,C
94.0,47,23,ALA,C
94.0,47,24,ALA,C
94.0,47,25,ALA,C
94.0,47,26,ALA,C
94.0,47,27,ALA,C
94.0,47,28,ALA,C
94.0,47,29,ALA,C
94.0,47,30,ALA,C
96.0,48,1,ALA,C
96.0,48,2,ALA,C
96.0,48,3,ALA,C
96.0,48,4,ALA,C
96.0,48,5,ALA,C
96.0,48,6,ALA,C
96.0,48,7,ALA,C
96.0,48,8,ALA,C
96.0,48,9,ALA,C
96.0,48,10,ALA,C
96.0,48,11,ALA,C
96.0,48,12,ALA,C
96.0,48,13,ALA,C
96.0,48,14,ALA,C
96.0,48,15,ALA,C
96.0,48,16,ALA,C
96.0,48,17,ALA,C
96.0,48,18,ALA,C
96.0,48,19,ALA,C
96.0,48,20,ALA,C
96.0,48,21,ALA,C
96.0,48,22,ALA,C
96.0,48,23,ALA,C
96.0,48,24,ALA,C
96.0,48,25,ALA,C
96.0,48,26,ALA,C
96.0,48,27,ALA,C
96.0,48,28,ALA,C
96.0,48,29,ALA,C
96.0,48,30,ALA,C
98.0,49,1,ALA,C
98.0,49,2,ALA,C
98.0,49,3,ALA,C
98.0,49,4,ALA,C
98.0,49,5,ALA,C
98.0,49,6,ALA,C
98.0,49,7,ALA,T
98.0,49,8,ALA,E
98.0,49,9,ALA,T
98.0,49,10,ALA,T
98.0,49,11,ALA,T
98.0,49,12,ALA,T
98.0,49,13,ALA,T
98.0,49,14,ALA,E
98.0,49,15,ALA,T
98.0,49,16,ALA,T
98.0,49,17,ALA,T
98.0,49,18,ALA,T
98.0,49,19,ALA,T
98.0,49,20,ALA,T
98.0,49,21,ALA,T
98.0,49,22,ALA,T
98.0,49,23,ALA,T
98.0,49,24,ALA,T
98.0,49,25,ALA,T
98.0,49,26,ALA,E
98.0,49,27,ALA,T
98.0,49,28,ALA,T
98.0,49,29,ALA,T
98.0,49,30,ALA,C
